{"count":1382375998,"threshold":2,"average":5.2223485125593125,"mean":5.2223485125593125,"stddev":7291.181757135294,"min":-4.0840124E7,"max":1.98623008E8}
